{
  "project_info": {
    "project_number": "886660834382",
    "project_id": "women-safety-sos-7e2b4",
    "storage_bucket": "women-safety-sos-7e2b4.firebasestorage.app"
  },
  "client": [
    {
      "client_info": {
        "mobilesdk_app_id": "1:886660834382:android:de2209b16465e34ca98f1f",
        "android_client_info": {
          "package_name": "com.example.my_app"
        }
      },
      "oauth_client": [],
      "api_key": [
        {
          "current_key": "AIzaSyDEv5qutjM8Do6jfjf1Y8hlZMc1kERB7q8"
        }
      ],
      "services": {
        "appinvite_service": {
          "other_platform_oauth_client": []
        }
      }
    }
  ],
  "configuration_version": "1"
}